0,MLE5007 curs,0,29
1,MLE5007 seminar,1,2,3
2,MLE5007 lab,3,0,4,1,5,29,1,127
3,MLE5006 curs,6,62
4,MLE5006 seminar,6,7,62,63
5,MLE5006 lab,8,9,10,11,12,13,62,64
6,MLE5022 curs,14
7,MLE5022 seminar,14,8
8,MLE5022 lab,8,15,16,12,17
9,MLE0014 curs,18
10,MLE0014 seminar,18,19,20
11,MLE0010 curs,21
12,MLE0010 seminar,22,23,24
13,MLE0010 lab,22,25,24,26
14,MLE5025 curs,27
15,MLE5025 seminar,27
16,MLE5025 lab,28,11
17,MLG5007 curs,29
18,MLG5007 seminar,29
19,MLG5007 lab,29,30,31
20,MLG5006 curs,32
21,MLG5006 seminar,32
22,MLG5006 lab,32,33
23,MLG5022 curs,34
24,MLG5022 seminar,35
25,MLG5022 lab,35
26,MLG0014 curs,36
27,MLG0014 seminar,36
28,MLG0010 curs,37
29,MLG0010 seminar,37
30,MLG0010 lab,37,31
31,MLG5025 curs,38
32,MLG5025 seminar,39,40
33,MLG5025 lab,39,40
34,MLM5007 curs,41
35,MLM5007 seminar,42
36,MLM5007 lab,42,43,44
37,MLM5006 curs,45, 46
38,MLM5006 seminar,45,46
39,MLM5006 lab,46,47,48
40,MLM5105 curs,49
41,MLM5105 seminar,49
42,MLM5105 lab,49,50
43,MLM0014 curs,51
44,MLM0014 seminar,51,52
45,MLM5025 curs,53
46,MLM5025 seminar,53
47,MLM5025 lab,47,54
48,MLE0021 curs,58
49,MLE0021 seminar,59
50,MLE0071 curs,60
51,MLE0071 seminar,60,24
52,MLE0015 curs,18
53,MLE0015 seminar,18,61
57,MLE5105 seminar,14
58,MLM0021 curs,65
59,MLM0006 curs,66
60,MLM0015 curs,52
61,MLM0022 curs,67
66,MLR0021 curs,68
67,MLR0021 seminar,69,70,71
68,MLR0071 curs,60
69,MLR0071 seminar,72,60
70,MLR0015 curs,19
71,MLR0015 seminar,19,61
72,MLR5006 curs,73
73,MLR5006 seminar,74,75
74,MLR5006 lab,73,64,76,77,7,78,79
75,MLR5105 curs,80
76,MLR5105 seminar,80,76
77,MLE5011 curs,81
78,MLE5011 seminar,82,83,84
79,MLE5011 lab,12,85,86
80,MLE5028 curs,87
81,MLE5028 seminar,87,88
82,MLE5028 lab,88,89,90,91
83,MLE5029 curs,92,63
84,MLE5029 lab,92,93,150
85,MLE5015 curs,94,98
86,MLE5015 lab,95,96,97,83,94,98,99,89
87,MLE5013 curs,100
88,MLE5013 lab,100,101,102,80
89,MLG5011 curs,103
90,MLG5011 seminar,103
91,MLG5011 lab,103
92,MLG5028 curs,34
93,MLG5028 seminar,34
94,MLG5028 lab,34
95,MLG5029 curs,104
96,MLG5029 lab,105
97,MLG5015 curs,106
98,MLG5015 lab,106,107
99,MLG5013 curs,108
100,MLG5013 lab,108
101,MLM5015 curs,109,111
102,MLM5015 seminar,110,111
103,MLM5015 lab,110,111,109
104,MLM5028 curs,112,113
105,MLM5028 seminar,112,113
106,MLM5028 lab,113,114
107,MLM5029 curs,115,66
108,MLM5029 seminar,115,66
109,MLM5029 lab,66,116
110,MLM5002 curs,117,118
111,MLM5002 seminar,117
112,MLM5002 lab,118
113,MLM0010 curs,119
114,MLM0010 seminar,67
115,MLM0010 lab,120
116,MLM5060 curs,121
117,MLM5060 seminar,121
118,MLM5060 lab,121
119,MLE0074 curs,122
120,MLE0074 seminar,26,24
121,MLE0027 curs,123
122,MLE0027 seminar,124
123,MLE0027 lab,124
124,MLE0025 curs,125
125,MLE0025 seminar,26,125
126,MLE1027 curs,126
127,MLE1027 seminar,126
130,MLM0027 curs,128
132,MLM0029 curs,129
133,MLM0025 curs,130
135,MLR0074 curs,122
136,MLR0074 seminar,122,36
137,MLR0027 curs,123
138,MLR0027 seminar,131
139,MLR0027 lab,132,133
140,MLR0025 curs,134
141,MLR0025 seminar,31
142,MLR1027 curs,135
143,MLR1027 seminar,135,136
144,MLR5007 curs,29
145,MLR5007 lab,137,30,127
146,MLE5014 curs,138
147,MLE5014 seminar,138
148,MLE5014 lab,138,139,114
149,MLE0028 curs,123
150,MLE0028 lab,140,141,142
151,MLE2001 lab,143,144,138,14,145,146,147
152,MLG5014 curs,33
153,MLG5014 seminar,33
154,MLG5014 lab,33
155,MLG0028 curs,22
156,MLG0028 lab,22,31
157,MLG2001 lab,29
158,MLM5014 curs,148
159,MLM5014 seminar,114
160,MLM5014 lab,114
161,MLE0005 curs,149
162,MLE0005 seminar,149
164,MLE5029 seminar,63
168,MLM0005 curs,45,45
172,MLR0005 curs,149
173,MLR0005 seminar,149
174,MLR5029 curs,143
175,MLR5029 seminar,143,77
176,MLR5029 lab,151
177,MLR5015 curs,152
178,MLR5015 lab,152
179,MLR5025 curs,45
182,MLR5060 curs,92
184,MLE8115 curs,9
185,MLE8115 seminar,154,155
186,MLR8112 curs,156
187,MLE9011 curs,157
188,MLE5117 curs,3
189,MLE5117 seminar,3
190,MLR5091 curs,144
191,MLR5155 curs,147
192,MLE5110 curs,158
193,MLE5110 seminar,158
194,MLE5072 curs,159
195,MLE5072 seminar,160
196,MLR5063 curs,161
197,MLR5156 curs,75
198,MLR5074 curs,40
199,MLE5092 curs,162
200,MLE5092 seminar,162
201,MLE5157 curs,163,45
202,MLE5157 seminar,163
203,MLR2006 curs,45
204,MLE7007 curs,94,45
205,MLE5159 curs,164,45
206,MLG5149 curs,165
208,MLG0059 curs,166
212,MLG5166 curs,167
213,MLG5166 seminar,167
216,MLR5011 curs,81,168
217,MLR5011 seminar,168
223,MLR7007 curs,45
227,MLR0038 curs,21
228,MLR0041 curs,45
232,MLR0033 curs,45
236,MLM0003 curs,169
238,MLM2006 curs,45
239,MLM3129 curs,45
241,MLM3130 curs,45
243,MLM7007 curs,45,170
245,MLM2005 curs,45,67
247,MLM0032 curs,171
248,MLM0032 seminar,171
249,MLM5089 curs,172,45
250,MLM5089 seminar,172
253,MLM9011 curs,172
254,MLM9011 seminar,172
255,MLM5090 curs,115
256,MLM5090 seminar,115
259,MLM5074 curs,112,45
260,MLM5074 seminar,112
263,MLM5047 curs,173
264,MLM5047 seminar,174
265,MLM5024 curs,41
266,MLM5024 seminar,174
267,VDP2404 curs,45,113
271,LLU0012 curs,175,178
272,LLU0012 seminar,176,177,178
277,VDP1202 curs,179,180,181,182
289,VDP204I curs,183,184
291,VDP204M curs,185
295,VDP3607 curs,185,186,184,183
305,MLR2002 seminar,63
306,MLR2002 curs,45
307,MLM2002 curs,187
309,FRM0001 curs,188
316,MMG9106 curs,189
317,MLG5022 curs,35
318,VDP1202 seminar,180,181